{"flutter":{"platforms":{"android":{"default":{"projectId":"finditorium","appId":"1:984496861173:android:685d09cc09bdaf1d887abc","fileOutput":"android/app/google-services.json"}},"dart":{"lib/firebase_options.dart":{"projectId":"finditorium","configurations":{"android":"1:984496861173:android:685d09cc09bdaf1d887abc","ios":"1:984496861173:ios:cee688b380907650887abc","macos":"1:984496861173:ios:b06fa62a6b77ce9b887abc","web":"1:984496861173:web:7a7ae217276c5213887abc","windows":"1:984496861173:web:49db1182ff5ea7bb887abc"}}}}}}